{"accuracy": 0.7030114226375909, "f1_macro": 0.6947428887945573, "f1_micro": 0.7030114226375909, "accuracy_lenient": 0.7185877466251298, "f1_macro_lenient": 0.7099725953381265, "f1_micro_lenient": 0.7185877466251298}