{
    "accuracy": 0.6079958463136034,
    "f1_macro": 0.6451965870448415,
    "f1_micro": 0.6079958463136034,
    "accuracy_lenient": 0.6188992731048806,
    "f1_macro_lenient": 0.6561801426544623,
    "f1_micro_lenient": 0.6188992731048806
}