{
    "accuracy": 0.6526479750778816,
    "f1_macro": 0.6854511845141832,
    "f1_micro": 0.6526479750778816,
    "accuracy_lenient": 0.6640706126687436,
    "f1_macro_lenient": 0.6958305397367024,
    "f1_micro_lenient": 0.6640706126687436
}