{
    "accuracy": 0.6941848390446521,
    "f1_macro": 0.7104230771307075,
    "f1_micro": 0.6941848390446521,
    "accuracy_lenient": 0.7133956386292835,
    "f1_macro_lenient": 0.7315300490249618,
    "f1_micro_lenient": 0.7133956386292835
}