{
    "accuracy": 0.6147455867082036,
    "f1_macro": 0.6797782182551964,
    "f1_micro": 0.6147455867082036,
    "accuracy_lenient": 0.6365524402907581,
    "f1_macro_lenient": 0.7023033484715088,
    "f1_micro_lenient": 0.6365524402907581
}